{
  "Guid" : "2D787ED2-4C36-4E4D-9EA0-BEDF1483159E",
  "Tags" : [

  ],
  "Ansi 12 Color" : {
    "Green Component" : 0.59102588891983032,
    "Blue Component" : 0.77801346778869629,
    "Red Component" : 0.096501544117927551
  },
  "Ansi 5 Color" : {
    "Green Component" : 0.35004982352256775,
    "Blue Component" : 0.57602518796920776,
    "Red Component" : 0.40191537141799927
  },
  "Use Non-ASCII Font" : false,
  "Bold Color" : {
    "Green Component" : 0,
    "Blue Component" : 0.075083047151565552,
    "Red Component" : 0.73976802825927734
  },
  "Use Custom Tab Title" : true,
  "Normal Font" : "Monaco 12",
  "Ansi 2 Color" : {
    "Green Component" : 0.6950421929359436,
    "Blue Component" : 0.092498354613780975,
    "Red Component" : 0.28945007920265198
  },
  "Rows" : 25,
  "Default Bookmark" : "No",
  "Link Color" : {
    "Red Component" : 0,
    "Color Space" : "sRGB",
    "Blue Component" : 0.73423302173614502,
    "Alpha Component" : 1,
    "Green Component" : 0.35916060209274292
  },
  "Custom Tab Title" : "",
  "Cursor Guide Color" : {
    "Red Component" : 0.70213186740875244,
    "Color Space" : "sRGB",
    "Blue Component" : 1,
    "Alpha Component" : 0.25,
    "Green Component" : 0.9268307089805603
  },
  "Non-ASCII Anti Aliased" : true,
  "Use Bright Bold" : true,
  "Ansi 10 Color" : {
    "Green Component" : 1,
    "Blue Component" : 0.43171143531799316,
    "Red Component" : 0.61819148063659668
  },
  "Ambiguous Double Width" : false,
  "Jobs to Ignore" : [
    "rlogin",
    "ssh",
    "slogin",
    "telnet"
  ],
  "Ansi 15 Color" : {
    "Green Component" : 0.96043074131011963,
    "Blue Component" : 0.98438382148742676,
    "Red Component" : 0.96449893712997437
  },
  "Foreground Color" : {
    "Green Component" : 0.86175870895385742,
    "Blue Component" : 0.75428962707519531,
    "Red Component" : 0.97308963537216187
  },
  "Working Directory" : "\/Users\/comfypunk",
  "Blinking Cursor" : true,
  "Disable Window Resizing" : true,
  "Sync Title" : false,
  "Prompt Before Closing 2" : false,
  "BM Growl" : true,
  "Command" : "",
  "Description" : "Default",
  "Mouse Reporting" : true,
  "Screen" : -1,
  "Selection Color" : {
    "Green Component" : 0.41871801018714905,
    "Blue Component" : 0.30699285864830017,
    "Red Component" : 0.43789717555046082
  },
  "Columns" : 80,
  "Idle Code" : 0,
  "Ansi 13 Color" : {
    "Green Component" : 0.34950375556945801,
    "Blue Component" : 0.32394066452980042,
    "Red Component" : 0.60686224699020386
  },
  "Title Components" : 3,
  "Custom Command" : "No",
  "ASCII Anti Aliased" : true,
  "Non Ascii Font" : "Monaco 12",
  "Vertical Spacing" : 1,
  "Use Bold Font" : true,
  "Option Key Sends" : 0,
  "Selected Text Color" : {
    "Green Component" : 0.85237473249435425,
    "Blue Component" : 0.767447829246521,
    "Red Component" : 0.95287787914276123
  },
  "Background Color" : {
    "Green Component" : 0.11274909973144531,
    "Blue Component" : 0.27054747939109802,
    "Red Component" : 0.12003477662801743
  },
  "Character Encoding" : 4,
  "Ansi 11 Color" : {
    "Green Component" : 0.7578997015953064,
    "Blue Component" : 0.10242157429456711,
    "Red Component" : 0.93761706352233887
  },
  "Use Italic Font" : true,
  "Unlimited Scrollback" : false,
  "Keyboard Map" : {
    "0x33-0x200000-0x0" : {
      "Text" : "3",
      "Action" : 12
    },
    "0x2f-0x200000-0x0" : {
      "Text" : "\/",
      "Action" : 12
    },
    "0x3-0x200000-0x0" : {
      "Text" : "0xd",
      "Action" : 11
    },
    "0x38-0x200000-0x0" : {
      "Text" : "8",
      "Action" : 12
    },
    "0xf728-0x80000-0x0" : {
      "Text" : "d",
      "Action" : 10
    },
    "0xf70e-0x20000-0x0" : {
      "Text" : "[23;2~",
      "Action" : 10
    },
    "0xf701-0x220000-0x0" : {
      "Text" : "[1;2B",
      "Action" : 10
    },
    "0x32-0x40000-0x0" : {
      "Text" : "0x00",
      "Action" : 11
    },
    "0xf700-0x240000-0x0" : {
      "Text" : "[1;5A",
      "Action" : 10
    },
    "0xf703-0x220000-0x0" : {
      "Text" : "[1;2C",
      "Action" : 10
    },
    "0xf70b-0x20000-0x0" : {
      "Text" : "[19;2~",
      "Action" : 10
    },
    "0xf702-0x240000-0x0" : {
      "Text" : "[1;5D",
      "Action" : 10
    },
    "0xf701-0x280000" : {
      "Text" : "0x1b 0x1b 0x5b 0x42",
      "Action" : 11
    },
    "0xf701-0x260000-0x0" : {
      "Text" : "[1;6B",
      "Action" : 10
    },
    "0xf72b-0x40000-0x0" : {
      "Text" : "[1;5F",
      "Action" : 10
    },
    "0xf703-0x260000-0x0" : {
      "Text" : "[1;6C",
      "Action" : 10
    },
    "0x31-0x200000-0x0" : {
      "Text" : "1",
      "Action" : 12
    },
    "0xf702-0x280000-0x0" : {
      "Text" : "b",
      "Action" : 10
    },
    "0x2d-0x200000-0x0" : {
      "Text" : "-",
      "Action" : 12
    },
    "0xf709-0x20000-0x0" : {
      "Text" : "[17;2~",
      "Action" : 10
    },
    "0xf700-0x280000" : {
      "Text" : "0x1b 0x1b 0x5b 0x41",
      "Action" : 11
    },
    "0x36-0x200000-0x0" : {
      "Text" : "6",
      "Action" : 12
    },
    "0xf706-0x20000-0x0" : {
      "Text" : "[1;2R",
      "Action" : 10
    },
    "0x36-0x40000-0x0" : {
      "Text" : "0x1e",
      "Action" : 11
    },
    "0xf729-0x40000-0x0" : {
      "Text" : "[1;5H",
      "Action" : 10
    },
    "0x2d-0x40000-0x0" : {
      "Text" : "0x1f",
      "Action" : 11
    },
    "0xf702-0x300000-0x0" : {
      "Text" : "0x1",
      "Action" : 11
    },
    "0x7f-0x80000-0x0" : {
      "Text" : "0x1b 0x7f",
      "Action" : 11
    },
    "0x33-0x40000-0x0" : {
      "Text" : "0x1b",
      "Action" : 11
    },
    "0x2b-0x200000-0x0" : {
      "Text" : "+",
      "Action" : 12
    },
    "0x34-0x200000-0x0" : {
      "Text" : "4",
      "Action" : 12
    },
    "0xf70d-0x20000-0x0" : {
      "Text" : "[21;2~",
      "Action" : 10
    },
    "0xf72b-0x20000-0x0" : {
      "Text" : "[1;2F",
      "Action" : 10
    },
    "0x39-0x200000-0x0" : {
      "Text" : "9",
      "Action" : 12
    },
    "0xf70a-0x20000-0x0" : {
      "Text" : "[18;2~",
      "Action" : 10
    },
    "0x37-0x40000-0x0" : {
      "Text" : "0x1f",
      "Action" : 11
    },
    "0xf708-0x20000-0x0" : {
      "Text" : "[15;2~",
      "Action" : 10
    },
    "0xf729-0x20000-0x0" : {
      "Text" : "[1;2H",
      "Action" : 10
    },
    "0xf700-0x220000-0x0" : {
      "Text" : "[1;2A",
      "Action" : 10
    },
    "0xf705-0x20000-0x0" : {
      "Text" : "[1;2Q",
      "Action" : 10
    },
    "0xf702-0x220000-0x0" : {
      "Text" : "[1;2D",
      "Action" : 10
    },
    "0x2e-0x200000-0x0" : {
      "Text" : ".",
      "Action" : 12
    },
    "0x32-0x200000-0x0" : {
      "Text" : "2",
      "Action" : 12
    },
    "0xf701-0x240000-0x0" : {
      "Text" : "[1;5B",
      "Action" : 10
    },
    "0xf700-0x260000-0x0" : {
      "Text" : "[1;6A",
      "Action" : 10
    },
    "0x37-0x200000-0x0" : {
      "Text" : "7",
      "Action" : 12
    },
    "0xf703-0x240000-0x0" : {
      "Text" : "[1;5C",
      "Action" : 10
    },
    "0x34-0x40000-0x0" : {
      "Text" : "0x1c",
      "Action" : 11
    },
    "0xf702-0x260000-0x0" : {
      "Text" : "[1;6D",
      "Action" : 10
    },
    "0xf703-0x280000-0x0" : {
      "Text" : "f",
      "Action" : 10
    },
    "0xf70f-0x20000-0x0" : {
      "Text" : "[24;2~",
      "Action" : 10
    },
    "0x7f-0x100000-0x0" : {
      "Text" : "0x15",
      "Action" : 11
    },
    "0xf70c-0x20000-0x0" : {
      "Text" : "[20;2~",
      "Action" : 10
    },
    "0xf703-0x300000-0x0" : {
      "Text" : "0x5",
      "Action" : 11
    },
    "0x30-0x200000-0x0" : {
      "Text" : "0",
      "Action" : 12
    },
    "0x38-0x40000-0x0" : {
      "Text" : "0x7f",
      "Action" : 11
    },
    "0x35-0x200000-0x0" : {
      "Text" : "5",
      "Action" : 12
    },
    "0xf739-0x0-0x0" : {
      "Text" : "",
      "Action" : 13
    },
    "0xf707-0x20000-0x0" : {
      "Text" : "[1;2S",
      "Action" : 10
    },